Date,Amount,Category,Description
2024-06-04,1794.09,Shopping,Shoes
2024-04-26,1176.24,Education,Online course
2023-10-15,3009.83,Miscellaneous,Gift
2024-08-22,2702.55,Healthcare,Doctor visit
2023-06-14,304.52,Entertainment,Concert
2025-07-18,3021.9,Education,Exam fee
2023-07-09,3880.1,Entertainment,Gaming
2023-09-09,3778.05,Education,Exam fee
2025-06-18,846.43,Healthcare,Pharmacy
2025-08-24,3288.03,Education,Online course
2025-03-26,1938.52,Food,Restaurant
2025-06-25,2124.12,Miscellaneous,Other expenses
2024-02-16,2288.69,Education,Online course
2023-07-20,772.45,Shopping,Electronics
2023-01-29,1229.12,Travel,Cab booking
2025-03-12,440.04,Shopping,Accessories
2025-05-11,4316.96,Education,Online course
2025-01-08,4313.61,Bills,Water bill
2023-04-18,3806.99,Healthcare,Hospital charges
2023-12-09,4108.61,Transport,Car rental
2024-04-02,3419.99,Transport,Taxi
2024-05-18,2643.01,Entertainment,Gaming
2024-11-08,3138.22,Shopping,Online shopping
2025-08-03,2362.64,Miscellaneous,Pet care
2023-12-09,2765.91,Healthcare,Medicines
2024-04-07,3507.27,Healthcare,Medicines
2023-12-31,590.9,Travel,Flight ticket
2025-08-15,4254.42,Education,Exam fee
2023-03-30,913.2,Healthcare,Hospital charges
2025-07-02,1411.46,Shopping,Accessories
2024-02-13,3691.87,Healthcare,Hospital charges
2024-08-13,1422.92,Bills,Electricity bill
2025-03-26,723.14,Bills,Phone recharge
2025-05-27,3387.5,Education,Exam fee
2023-09-22,3182.96,Transport,Bus fare
2023-01-11,4931.57,Travel,Tour package
2024-02-03,4989.24,Entertainment,Gaming
2024-03-19,3573.53,Travel,Hotel stay
2024-03-18,2517.44,Travel,Flight ticket
2023-06-06,3112.24,Shopping,Shoes
2023-12-11,3207.82,Groceries,Fruits
2024-02-18,1448.91,Travel,Tour package
2025-01-07,4121.4,Groceries,Fruits
2023-12-08,3677.99,Miscellaneous,Other expenses
2025-06-28,4679.09,Bills,Phone recharge
2023-05-10,2792.68,Miscellaneous,Donation
2024-12-11,2143.74,Food,Dinner
2023-06-12,2682.19,Shopping,Shoes
2023-10-25,3045.43,Food,Dinner
2024-07-18,2493.25,Miscellaneous,Repair
2025-04-24,4257.82,Transport,Fuel
2023-02-10,1748.62,Education,Exam fee
2025-05-31,612.78,Shopping,Online shopping
2024-03-12,88.76,Bills,Gas bill
2023-06-24,1483.58,Groceries,Fruits
2024-11-06,4653.91,Healthcare,Medicines
2023-07-06,3646.11,Shopping,Accessories
2025-05-11,964.17,Education,Stationery
2024-08-30,1938.49,Travel,Cab booking
2025-03-22,830.53,Bills,Internet bill
2024-11-09,4455.39,Food,Dinner
2024-01-03,3327.1,Groceries,Snacks
2023-08-09,3950.3,Entertainment,Theatre
2023-02-01,1539.48,Groceries,Fruits
2023-03-23,4911.41,Food,Restaurant
2025-06-20,4089.84,Education,Tuition fee
2024-07-23,556.38,Groceries,Beverages
2023-08-20,4083.94,Healthcare,Hospital charges
2025-04-30,3162.66,Food,Dinner
2024-08-03,2577.81,Transport,Taxi
2023-01-12,4011.6,Food,Dinner
2024-04-11,243.67,Miscellaneous,Repair
2024-05-15,3976.58,Travel,Tour package
2023-12-10,3667.67,Bills,Water bill
2023-06-07,2829.97,Groceries,Fruits
2025-06-17,2270.31,Bills,Water bill
2025-04-26,3288.51,Travel,Visa fee
2025-05-18,4302.7,Transport,Fuel
2024-10-03,4484.72,Groceries,Vegetables
2024-10-21,4405.52,Groceries,Vegetables
2023-08-17,1275.47,Bills,Water bill
2025-07-24,171.18,Entertainment,Theatre
2023-08-29,4689.7,Shopping,Online shopping
2024-11-23,3551.18,Healthcare,Medicines
2024-05-12,4291.25,Shopping,Electronics
2023-11-14,1538.22,Food,Snacks
2023-02-08,1359.5,Transport,Car rental
2024-10-03,1104.3,Shopping,Shoes
2024-02-11,2313.58,Travel,Visa fee
2025-06-29,1049.33,Bills,Electricity bill
2025-02-16,1612.65,Groceries,Vegetables
2023-07-10,2457.26,Entertainment,Concert
2023-02-10,2704.82,Food,Snacks
2024-04-20,3516.42,Healthcare,Pharmacy
2024-03-26,4076.13,Education,Exam fee
2024-02-06,2629.22,Transport,Train ticket
2024-05-23,3212.87,Entertainment,Movie ticket
2023-12-25,2667.69,Miscellaneous,Gift
2023-04-03,2514.72,Groceries,Vegetables
2024-03-08,4176.37,Groceries,Beverages
2023-11-14,947.07,Healthcare,Hospital charges
2024-02-18,3654.13,Education,Tuition fee
2023-12-14,3859.99,Entertainment,Streaming subscription
2025-05-22,3258.29,Healthcare,Lab test
2025-02-15,4349.69,Transport,Bus fare
2024-01-06,3537.59,Groceries,Dairy products
2024-05-13,4651.7,Bills,Phone recharge
2024-05-06,1396.24,Education,Stationery
2024-01-12,1051.11,Travel,Cab booking
2024-03-25,4448.73,Education,Stationery
2024-04-09,636.52,Bills,Internet bill
2024-12-01,4163.69,Bills,Phone recharge
2024-12-30,3194.78,Education,Online course
2024-03-28,824.36,Education,Tuition fee
2023-12-12,948.93,Entertainment,Theatre
2025-04-27,1270.51,Bills,Internet bill
2023-11-04,3105.98,Food,Dinner
2024-09-30,94.7,Healthcare,Hospital charges
2025-05-14,2815.07,Miscellaneous,Pet care
2023-09-30,3849.9,Transport,Car rental
2023-02-03,2119.26,Healthcare,Lab test
2023-01-06,4762.4,Shopping,Accessories
2023-02-09,3928.98,Food,Cafe
2023-08-11,349.48,Shopping,Shoes
2025-07-17,3871.63,Healthcare,Lab test
2025-05-18,3070.92,Entertainment,Gaming
2024-02-18,3741.5,Groceries,Snacks
2023-12-14,3022.05,Bills,Gas bill
2023-12-14,3025.1,Miscellaneous,Other expenses
2025-06-18,2943.27,Education,Tuition fee
2023-09-30,1917.96,Entertainment,Gaming
2023-08-13,1997.86,Entertainment,Theatre
2024-01-05,3428.0,Healthcare,Lab test
2023-11-05,1648.03,Healthcare,Lab test
2023-07-27,2932.75,Bills,Water bill
2023-12-10,2132.61,Shopping,Clothes
2024-02-11,1971.34,Transport,Bus fare
2023-11-08,4813.55,Entertainment,Gaming
2024-12-07,659.88,Miscellaneous,Donation
2023-10-02,1009.68,Transport,Fuel
2023-06-07,1990.34,Entertainment,Streaming subscription
2024-04-22,4008.63,Miscellaneous,Repair
2023-11-12,4444.8,Bills,Electricity bill
2023-05-01,892.1,Entertainment,Streaming subscription
2025-07-16,1699.09,Travel,Tour package
2023-02-24,4538.36,Education,Tuition fee
2023-09-25,4868.93,Food,Fast food
2023-12-12,4788.02,Food,Dinner
2025-04-03,2535.93,Education,Exam fee
2025-01-01,769.91,Miscellaneous,Other expenses
2023-10-11,4585.47,Groceries,Vegetables
2024-07-19,4068.3,Shopping,Online shopping
2024-03-01,1476.36,Transport,Taxi
2023-06-11,4347.8,Miscellaneous,Gift
2024-07-14,1631.85,Groceries,Dairy products
2024-06-02,4652.51,Healthcare,Medicines
2024-08-20,2044.53,Entertainment,Movie ticket
2023-12-13,4601.22,Travel,Tour package
2024-05-10,1278.77,Education,Tuition fee
2023-12-05,2156.81,Education,Exam fee
2023-05-28,2583.7,Shopping,Clothes
2023-10-22,2445.64,Entertainment,Movie ticket
2025-01-17,4324.17,Education,Tuition fee
2023-05-05,1064.92,Shopping,Online shopping
2024-06-30,2193.94,Entertainment,Theatre
2024-08-23,4690.91,Miscellaneous,Gift
2024-11-16,2572.85,Education,Stationery
2023-01-30,4369.39,Entertainment,Streaming subscription
2024-09-20,1835.83,Food,Dinner
2023-11-02,4429.39,Groceries,Beverages
2023-01-05,3786.18,Healthcare,Lab test
2023-07-22,1920.97,Entertainment,Streaming subscription
2024-02-10,2279.84,Bills,Phone recharge
2025-04-13,2851.75,Shopping,Shoes
2024-07-20,743.14,Food,Snacks
2025-06-25,1061.61,Bills,Water bill
2024-05-18,3362.43,Healthcare,Medicines
2025-05-20,4805.93,Education,Online course
2024-01-11,4937.92,Education,Online course
2023-11-17,1819.66,Bills,Phone recharge
2023-06-09,1559.1,Healthcare,Pharmacy
2023-10-01,637.19,Food,Dinner
2025-08-28,1855.2,Entertainment,Movie ticket
2023-05-11,953.57,Travel,Cab booking
2025-04-10,2641.31,Healthcare,Lab test
2023-06-17,4421.05,Education,Stationery
2025-05-15,612.84,Bills,Water bill
2024-08-22,989.5,Groceries,Beverages
2023-11-03,3934.55,Miscellaneous,Gift
2023-05-20,1369.95,Education,Exam fee
2024-06-18,3506.7,Groceries,Dairy products
2024-05-27,1942.53,Education,Books
2023-02-08,1295.69,Groceries,Snacks
2023-05-04,2009.1,Shopping,Electronics
2023-08-29,1638.24,Healthcare,Medicines
2023-07-20,67.47,Entertainment,Movie ticket
2024-05-08,1086.74,Food,Dinner
2024-09-01,4023.33,Food,Fast food
2025-01-20,4376.14,Entertainment,Gaming
2024-05-06,1005.91,Education,Online course
2023-12-12,3927.31,Entertainment,Concert
2024-09-10,922.44,Healthcare,Doctor visit
2023-08-09,4342.06,Transport,Fuel
2024-06-02,587.56,Miscellaneous,Repair
2025-07-25,357.97,Food,Fast food
2023-12-16,2333.65,Travel,Cab booking
2024-05-13,1670.78,Healthcare,Lab test
2023-12-03,4498.88,Groceries,Fruits
2023-07-04,683.0,Travel,Hotel stay
2024-10-09,1353.43,Entertainment,Streaming subscription
2025-05-08,504.1,Food,Cafe
2024-11-26,2227.62,Miscellaneous,Gift
2024-05-18,2234.01,Healthcare,Medicines
2023-10-02,4114.07,Bills,Water bill
2024-05-25,885.54,Travel,Hotel stay
2024-01-22,4549.71,Travel,Cab booking
2023-02-24,2962.69,Miscellaneous,Pet care
2023-05-04,4498.02,Groceries,Vegetables
2024-07-31,2198.29,Entertainment,Concert
2024-05-25,1172.9,Shopping,Clothes
2024-11-09,2898.22,Groceries,Vegetables
2024-02-19,2693.08,Entertainment,Theatre
2024-03-23,3936.66,Shopping,Online shopping
2025-05-21,1837.17,Entertainment,Theatre
2024-04-12,58.91,Entertainment,Theatre
2025-06-19,3640.93,Bills,Electricity bill
2024-01-15,4045.13,Miscellaneous,Donation
2023-06-30,3725.06,Shopping,Shoes
2024-09-18,1919.22,Shopping,Electronics
2025-05-12,2731.14,Transport,Car rental
2025-08-22,4712.25,Education,Books
2023-04-13,2763.25,Transport,Fuel
2024-01-01,4919.73,Education,Stationery
2023-07-02,1520.22,Shopping,Clothes
2023-08-28,1172.77,Bills,Phone recharge
2024-01-01,657.04,Transport,Taxi
2025-02-14,1006.7,Food,Snacks
2024-05-04,412.21,Transport,Bus fare
2024-10-18,3992.68,Bills,Internet bill
2023-10-08,3846.43,Groceries,Beverages
2025-03-13,726.33,Food,Dinner
2025-06-18,145.3,Miscellaneous,Repair
2024-11-09,405.63,Healthcare,Medicines
2023-09-05,2350.74,Transport,Fuel
2025-08-17,242.43,Healthcare,Hospital charges
2023-04-29,814.72,Education,Stationery
2023-07-08,2730.77,Groceries,Beverages
2023-11-12,2170.25,Healthcare,Medicines
2025-04-24,2689.98,Groceries,Vegetables
2023-08-19,687.17,Travel,Hotel stay
2024-05-29,996.95,Bills,Electricity bill
2023-07-19,3099.95,Bills,Electricity bill
2023-09-17,1402.66,Entertainment,Gaming
2023-01-20,2375.28,Bills,Internet bill
2025-05-16,3885.91,Entertainment,Concert
2023-08-04,1635.21,Travel,Flight ticket
2024-09-16,2880.95,Healthcare,Medicines
2023-01-13,1266.91,Food,Cafe
2024-03-03,339.44,Travel,Visa fee
2025-01-13,2472.67,Bills,Internet bill
2023-11-27,3851.03,Bills,Electricity bill
2024-11-23,4514.78,Travel,Flight ticket
2023-04-28,1000.76,Transport,Train ticket
2023-12-12,3515.04,Entertainment,Theatre
2023-08-05,545.09,Miscellaneous,Pet care
2024-09-28,4534.39,Food,Snacks
2024-01-13,4522.34,Shopping,Accessories
2024-02-22,916.06,Groceries,Snacks
2023-06-29,2863.29,Travel,Hotel stay
2023-02-14,3779.05,Education,Tuition fee
2025-01-10,337.85,Groceries,Fruits
2024-07-13,2147.03,Groceries,Vegetables
2023-06-17,2038.52,Healthcare,Lab test
2024-04-30,1670.99,Healthcare,Doctor visit
2024-05-21,3215.82,Education,Online course
2024-10-02,3736.61,Education,Exam fee
2024-12-28,441.29,Transport,Train ticket
2024-10-05,4694.28,Shopping,Electronics
2025-02-02,350.76,Bills,Electricity bill
2024-01-06,3745.3,Healthcare,Doctor visit
2024-12-23,3963.55,Travel,Cab booking
2023-01-26,384.44,Travel,Cab booking
2023-08-11,372.4,Entertainment,Theatre
2023-11-27,3047.62,Travel,Tour package
2025-07-29,1141.49,Education,Tuition fee
2024-10-21,2631.65,Food,Snacks
2024-11-12,4553.51,Groceries,Dairy products
2023-09-25,1186.02,Food,Snacks
2024-04-20,1040.39,Travel,Hotel stay
2024-12-15,3515.23,Education,Tuition fee
2025-05-05,4127.82,Shopping,Shoes
2023-04-04,345.01,Transport,Fuel
2025-08-01,546.21,Entertainment,Concert
2025-03-24,2364.48,Miscellaneous,Other expenses
2023-11-23,3732.55,Miscellaneous,Donation
2024-12-19,4738.63,Food,Restaurant
2023-03-19,1317.87,Miscellaneous,Donation
2023-05-31,2308.31,Entertainment,Gaming
2023-01-24,2161.69,Entertainment,Streaming subscription
2025-08-21,1016.42,Travel,Cab booking
2024-09-23,4555.2,Shopping,Online shopping
2023-12-17,2644.83,Education,Online course
2023-04-11,4085.24,Healthcare,Pharmacy
2023-08-21,1962.87,Miscellaneous,Repair
2025-02-21,4611.83,Food,Cafe
2024-11-06,787.24,Travel,Hotel stay
2024-05-18,4254.29,Food,Cafe
2023-12-19,4058.18,Healthcare,Pharmacy
2024-10-01,306.67,Entertainment,Streaming subscription
2023-12-29,3531.13,Education,Online course
2025-06-04,2660.38,Miscellaneous,Repair
2025-05-29,1788.38,Miscellaneous,Repair
2023-08-13,1036.28,Food,Restaurant
2023-07-28,4608.68,Entertainment,Gaming
2023-09-08,1910.05,Healthcare,Medicines
2023-10-30,271.7,Healthcare,Medicines
2024-07-25,3910.84,Bills,Gas bill
2025-06-27,636.52,Travel,Cab booking
2025-06-26,1084.2,Miscellaneous,Other expenses
2023-05-04,4878.68,Bills,Phone recharge
2024-05-17,3128.45,Travel,Tour package
2024-05-18,3486.12,Bills,Phone recharge
2024-01-13,3940.67,Groceries,Snacks
2024-05-25,2514.04,Shopping,Shoes
2023-12-09,2034.97,Food,Restaurant
2023-03-23,203.06,Shopping,Shoes
2025-08-06,2881.4,Miscellaneous,Pet care
2024-09-03,4166.11,Food,Snacks
2024-12-26,2252.78,Travel,Flight ticket
2024-07-13,4126.8,Groceries,Fruits
2024-04-02,242.1,Entertainment,Theatre
2025-02-12,1074.77,Bills,Internet bill
2024-12-23,4533.78,Entertainment,Theatre
2023-10-01,749.97,Food,Dinner
2024-09-28,2434.77,Healthcare,Pharmacy
2023-08-12,1564.83,Travel,Tour package
2023-03-28,1138.02,Travel,Flight ticket
2025-07-26,4302.29,Bills,Water bill
2023-01-30,3849.04,Travel,Tour package
2024-12-22,563.87,Shopping,Clothes
2023-05-22,3136.1,Transport,Fuel
2023-10-05,3031.93,Education,Online course
2023-09-02,458.67,Bills,Internet bill
2024-12-14,711.93,Bills,Gas bill
2024-04-08,1280.66,Bills,Gas bill
2025-04-06,4365.71,Entertainment,Movie ticket
2024-09-02,2537.48,Bills,Electricity bill
2024-03-30,4539.49,Entertainment,Theatre
2023-12-16,4848.56,Travel,Flight ticket
2023-05-22,4457.59,Healthcare,Doctor visit
2024-01-22,649.42,Shopping,Clothes
2024-05-14,568.66,Bills,Gas bill
2023-02-17,2614.04,Travel,Tour package
2024-07-21,107.67,Transport,Fuel
2024-01-03,538.46,Bills,Gas bill
2023-01-02,3564.5,Travel,Hotel stay
2024-05-15,4282.73,Miscellaneous,Gift
2025-07-06,615.01,Transport,Taxi
2023-12-28,2766.23,Food,Restaurant
2024-01-29,117.56,Shopping,Accessories
2024-03-23,4430.61,Transport,Car rental
2023-07-01,4430.14,Miscellaneous,Donation
2024-02-09,1997.86,Bills,Internet bill
2024-10-07,1806.92,Bills,Electricity bill
2023-09-21,3507.45,Groceries,Snacks
2023-12-24,3177.83,Bills,Internet bill
2024-03-01,648.61,Food,Snacks
2025-08-20,2045.85,Travel,Hotel stay
2023-06-15,3664.27,Travel,Cab booking
2023-08-27,186.48,Entertainment,Concert
2023-09-03,280.32,Transport,Car rental
2024-04-04,184.81,Miscellaneous,Repair
2024-05-05,4920.33,Miscellaneous,Pet care
2025-06-01,4122.73,Entertainment,Concert
2023-05-17,2406.99,Education,Exam fee
2023-11-22,2160.53,Bills,Internet bill
2025-05-21,3376.99,Groceries,Vegetables
2025-07-23,2952.18,Shopping,Shoes
2024-03-09,1871.13,Food,Snacks
2024-12-03,53.0,Healthcare,Lab test
2023-04-17,4792.69,Healthcare,Pharmacy
2024-08-17,2547.05,Shopping,Online shopping
2023-09-06,778.57,Miscellaneous,Other expenses
2025-07-18,3292.08,Education,Books
2025-07-17,3620.31,Food,Snacks
2024-07-08,1488.77,Transport,Fuel
2025-08-19,4651.22,Bills,Internet bill
2025-03-23,2647.56,Travel,Tour package
2024-09-04,2276.47,Food,Cafe
2025-06-15,273.56,Transport,Car rental
2023-03-27,661.74,Groceries,Snacks
2024-06-19,3438.12,Healthcare,Hospital charges
2024-12-27,2740.68,Travel,Cab booking
2025-02-06,2147.98,Healthcare,Pharmacy
2025-04-08,3036.7,Groceries,Snacks
2025-03-08,1936.92,Shopping,Clothes
2025-07-20,4227.42,Bills,Electricity bill
2023-05-21,1850.26,Groceries,Beverages
2025-04-08,4236.82,Food,Cafe
2025-06-23,3504.34,Bills,Water bill
2023-08-23,4263.25,Travel,Visa fee
2024-07-28,1447.37,Education,Tuition fee
2024-05-27,3403.45,Entertainment,Theatre
2024-06-23,1617.68,Bills,Gas bill
2024-07-31,600.89,Miscellaneous,Pet care
2023-01-16,2845.56,Miscellaneous,Gift
2024-09-15,859.75,Miscellaneous,Gift
2025-03-05,3963.21,Food,Snacks
2023-01-21,1075.24,Food,Restaurant
2023-06-09,4485.5,Transport,Taxi
2023-05-10,3806.91,Transport,Train ticket
2024-01-15,3849.76,Groceries,Beverages
2023-04-24,3471.32,Entertainment,Concert
2023-05-28,4382.77,Entertainment,Concert
2024-12-22,4176.54,Bills,Gas bill
2025-06-21,4029.49,Miscellaneous,Donation
2024-10-23,1641.8,Healthcare,Doctor visit
2025-04-19,1172.0,Food,Snacks
2024-01-29,3041.49,Shopping,Accessories
2024-10-27,2095.38,Food,Fast food
2023-03-25,431.19,Education,Tuition fee
2024-01-05,251.63,Healthcare,Hospital charges
2023-10-29,1577.18,Education,Stationery
2023-10-25,2526.52,Shopping,Shoes
2024-04-27,2024.66,Bills,Gas bill
2024-07-30,1755.71,Bills,Water bill
2024-07-10,591.53,Bills,Water bill
2023-04-28,3942.14,Bills,Electricity bill
2024-10-16,1708.1,Bills,Phone recharge
2024-11-01,2490.08,Travel,Hotel stay
2024-09-30,2549.51,Entertainment,Streaming subscription
2025-04-30,2805.51,Bills,Internet bill
2023-02-11,3221.9,Groceries,Fruits
2025-07-22,738.56,Groceries,Vegetables
2025-07-19,513.2,Healthcare,Lab test
2023-01-27,2613.04,Travel,Visa fee
2025-08-18,3736.28,Entertainment,Gaming
2023-07-23,1654.44,Entertainment,Theatre
2023-05-25,4416.26,Bills,Internet bill
2023-06-04,1776.23,Groceries,Dairy products
2024-01-28,1720.78,Healthcare,Pharmacy
2024-05-12,2552.21,Education,Tuition fee
2024-10-23,985.75,Healthcare,Medicines
2024-08-04,1980.21,Transport,Car rental
2024-08-04,3808.04,Transport,Fuel
2024-06-27,4247.23,Miscellaneous,Donation
2023-10-09,156.28,Travel,Flight ticket
2025-02-20,1463.55,Food,Cafe
2025-06-09,887.37,Transport,Fuel
2025-07-25,1966.63,Groceries,Vegetables
2023-03-29,1902.03,Bills,Gas bill
2024-08-12,1042.68,Shopping,Clothes
2024-08-24,4361.11,Groceries,Fruits
2025-06-22,3539.59,Healthcare,Medicines
2025-03-12,2321.28,Healthcare,Hospital charges
2023-01-11,4100.09,Shopping,Shoes
2024-10-02,61.91,Education,Online course
2024-09-30,130.43,Groceries,Snacks
2024-01-17,104.23,Education,Exam fee
2023-06-28,4765.05,Bills,Electricity bill
2024-11-30,4920.5,Transport,Bus fare
2024-04-16,691.68,Groceries,Snacks
2025-02-15,3772.99,Bills,Electricity bill
2024-03-13,4070.77,Food,Snacks
2023-07-18,821.89,Food,Cafe
2023-04-18,1384.65,Travel,Flight ticket
2023-02-28,2052.16,Travel,Cab booking
2024-03-01,3551.57,Shopping,Electronics
2025-06-16,1021.11,Bills,Electricity bill
2025-06-19,4054.89,Travel,Hotel stay
2023-09-02,1693.37,Entertainment,Theatre
2023-01-05,4735.04,Bills,Internet bill
2024-05-15,3011.06,Transport,Train ticket
2023-04-07,624.36,Entertainment,Theatre
2024-02-01,218.92,Groceries,Fruits
2024-06-08,3610.69,Travel,Visa fee
2024-01-17,746.32,Groceries,Dairy products
2025-01-19,421.73,Shopping,Clothes
2023-09-16,3324.65,Travel,Hotel stay
2025-04-08,1748.91,Transport,Fuel
2023-04-19,1827.25,Education,Tuition fee
2023-12-17,2701.69,Entertainment,Movie ticket
2024-09-21,864.12,Bills,Electricity bill
2024-04-08,1623.68,Travel,Hotel stay
2024-11-11,3222.3,Groceries,Snacks
2025-04-19,1513.11,Shopping,Electronics
2025-04-26,494.31,Bills,Water bill
2023-02-24,2402.01,Entertainment,Concert
2025-08-17,4335.7,Food,Restaurant
2024-02-03,1444.35,Entertainment,Gaming
2025-04-16,335.26,Healthcare,Doctor visit
2024-03-05,1792.3,Food,Dinner
2023-06-06,4239.81,Groceries,Snacks
2023-11-16,1739.79,Travel,Flight ticket
2023-09-20,854.25,Food,Dinner
2024-06-28,4036.18,Miscellaneous,Gift
2024-01-12,4262.73,Shopping,Clothes
2024-11-15,710.52,Entertainment,Movie ticket
2023-11-26,901.91,Healthcare,Medicines
2024-07-25,1294.07,Entertainment,Gaming
2023-06-09,3537.43,Entertainment,Movie ticket
2024-11-30,4546.47,Food,Fast food
2023-07-24,919.16,Education,Exam fee
2025-07-15,397.33,Groceries,Dairy products
2023-07-17,4800.16,Transport,Fuel
2023-07-26,4441.52,Food,Restaurant
2023-10-19,3005.8,Education,Stationery
2024-12-07,1949.95,Travel,Flight ticket
2023-01-18,470.73,Education,Online course
2024-03-29,1104.86,Education,Online course
2024-02-22,1485.1,Food,Restaurant
2024-05-17,2607.07,Transport,Fuel
2024-10-09,4438.62,Travel,Visa fee
2023-08-03,2791.39,Education,Tuition fee
2023-09-05,3128.28,Transport,Train ticket
2023-03-31,4443.04,Groceries,Vegetables
2025-04-08,3948.44,Entertainment,Streaming subscription
2023-08-13,4465.17,Food,Snacks
2025-04-07,4783.86,Education,Books
2024-09-01,4770.76,Shopping,Online shopping
2023-09-30,4321.29,Food,Fast food
2024-11-20,2677.53,Travel,Cab booking
2023-12-23,2736.54,Food,Restaurant
2025-07-21,2003.51,Travel,Cab booking
2024-07-18,4178.27,Bills,Gas bill
2023-12-17,4549.73,Healthcare,Medicines
2023-03-18,3892.96,Groceries,Dairy products
2023-01-03,3367.45,Entertainment,Gaming
2023-05-26,1444.56,Bills,Phone recharge
2025-02-15,4351.14,Shopping,Online shopping
2023-11-24,1203.53,Shopping,Shoes
2025-06-02,2484.02,Miscellaneous,Donation
2024-10-15,1166.15,Education,Online course
2023-05-30,3521.19,Miscellaneous,Donation
2025-03-24,1968.83,Bills,Gas bill
2023-06-08,509.72,Travel,Tour package
2024-04-25,1109.58,Education,Tuition fee
2024-12-27,3851.52,Food,Snacks
2025-04-18,2022.35,Groceries,Vegetables
2024-12-28,973.2,Bills,Phone recharge
2024-07-15,3940.36,Food,Dinner
2023-09-13,3169.56,Shopping,Accessories
2025-02-26,2118.44,Entertainment,Movie ticket
2024-02-20,807.09,Travel,Tour package
2023-03-29,2612.87,Travel,Cab booking
2025-03-13,463.67,Groceries,Fruits
2024-04-20,1226.61,Transport,Bus fare
2023-09-16,4250.05,Travel,Hotel stay
2023-12-08,3715.28,Miscellaneous,Gift
2024-08-16,4058.38,Transport,Train ticket
2025-05-07,2614.98,Healthcare,Doctor visit
2024-07-07,3234.5,Travel,Cab booking
2024-06-14,4040.82,Bills,Electricity bill
2024-06-17,4198.03,Bills,Water bill
2024-10-10,655.06,Transport,Train ticket
2024-12-09,2462.99,Travel,Visa fee
2024-09-18,1961.51,Bills,Gas bill
2024-05-19,2523.31,Groceries,Snacks
2024-12-10,4230.49,Miscellaneous,Repair
2023-01-18,225.77,Miscellaneous,Repair
2023-12-26,1957.04,Travel,Cab booking
2024-12-25,739.27,Transport,Car rental
2025-05-22,1515.68,Transport,Bus fare
2025-07-02,2297.09,Transport,Taxi
2024-07-24,2117.65,Entertainment,Gaming
2023-11-18,3883.03,Miscellaneous,Gift
2025-03-15,267.02,Food,Dinner
2023-11-17,2701.99,Healthcare,Pharmacy
2025-03-25,3917.39,Groceries,Dairy products
2025-04-01,1586.07,Healthcare,Doctor visit
2024-08-14,3988.82,Healthcare,Medicines
2025-03-27,1313.89,Miscellaneous,Other expenses
2023-11-17,3687.46,Entertainment,Movie ticket
2024-08-08,3958.41,Bills,Internet bill
2023-03-16,3763.75,Entertainment,Theatre
2023-05-30,1158.66,Groceries,Vegetables
2024-10-24,2752.66,Transport,Fuel
2024-05-27,767.16,Shopping,Online shopping
2023-01-24,1761.31,Travel,Hotel stay
2025-03-27,692.63,Groceries,Beverages
2024-09-11,4504.71,Groceries,Fruits
2023-10-14,3206.46,Groceries,Vegetables
2024-08-07,547.29,Food,Restaurant
2025-01-19,1105.42,Miscellaneous,Pet care
2025-07-12,726.0,Shopping,Clothes
2024-12-26,4281.79,Groceries,Fruits
2025-04-25,2656.05,Entertainment,Streaming subscription
2024-02-24,3736.93,Healthcare,Medicines
2023-12-25,3364.78,Entertainment,Gaming
2025-01-24,1026.58,Healthcare,Doctor visit
2023-01-01,2812.81,Food,Fast food
2024-02-27,370.59,Groceries,Fruits
2025-06-11,2774.0,Food,Snacks
2024-03-05,478.2,Miscellaneous,Repair
2023-07-12,3324.62,Food,Restaurant
2025-05-25,976.68,Food,Fast food
2024-07-05,541.23,Bills,Gas bill
2023-08-09,3650.19,Education,Tuition fee
2024-06-14,3762.02,Miscellaneous,Donation
2023-11-09,1574.92,Miscellaneous,Pet care
2024-05-09,4045.92,Healthcare,Medicines
2025-03-20,3768.36,Transport,Fuel
2024-06-01,1525.24,Shopping,Online shopping
2023-01-16,2528.87,Food,Dinner
2023-06-25,2466.16,Education,Stationery
2024-08-24,788.66,Education,Online course
2023-12-25,2273.87,Food,Restaurant
2023-02-05,1540.44,Entertainment,Concert
2024-11-20,605.89,Food,Cafe
2023-11-24,225.47,Travel,Hotel stay
2025-01-16,3095.97,Entertainment,Streaming subscription
2025-01-04,824.99,Shopping,Accessories
2025-06-17,3523.84,Education,Books
2025-02-09,200.87,Groceries,Dairy products
2023-11-16,2232.01,Entertainment,Gaming
2023-11-11,4074.17,Healthcare,Pharmacy
2023-05-02,2204.36,Travel,Tour package
2024-01-17,3153.93,Travel,Flight ticket
2023-04-01,1066.43,Groceries,Snacks
2024-11-04,3005.09,Entertainment,Movie ticket
2023-10-11,1811.33,Transport,Fuel
2024-10-22,547.45,Groceries,Vegetables
2025-02-22,3256.83,Food,Snacks
2023-06-14,2172.03,Education,Online course
2025-01-29,3504.73,Travel,Hotel stay
2024-01-06,4932.85,Healthcare,Doctor visit
2024-12-16,1971.5,Food,Snacks
2024-11-19,639.27,Transport,Train ticket
2023-08-19,2906.6,Shopping,Clothes
2024-01-13,3397.04,Healthcare,Doctor visit
2024-06-15,2078.13,Transport,Car rental
2024-12-21,3836.18,Transport,Bus fare
2024-12-07,3484.21,Transport,Car rental
2023-03-24,3953.32,Education,Exam fee
2023-05-01,1328.98,Entertainment,Gaming
2023-09-25,2734.99,Education,Tuition fee
2025-08-20,2887.2,Education,Books
2025-03-23,1301.17,Travel,Visa fee
2023-11-30,4488.95,Bills,Phone recharge
2024-03-23,3647.06,Food,Snacks
2024-05-08,1827.01,Education,Tuition fee
2024-09-05,966.41,Transport,Train ticket
2023-09-05,1795.87,Healthcare,Lab test
2023-11-11,1440.64,Transport,Fuel
2024-07-06,4670.03,Healthcare,Pharmacy
2023-04-26,3710.39,Education,Tuition fee
2023-05-12,4704.54,Groceries,Fruits
2024-02-13,3682.36,Entertainment,Concert
2025-08-28,3682.01,Education,Tuition fee
2025-08-15,4631.61,Healthcare,Doctor visit
2024-10-30,1667.04,Education,Tuition fee
2023-05-02,1841.41,Groceries,Vegetables
2024-05-06,4115.07,Groceries,Snacks
2025-04-04,4248.07,Bills,Water bill
2024-10-03,2584.86,Miscellaneous,Pet care
2023-06-23,751.74,Groceries,Dairy products
2024-11-23,4204.7,Travel,Cab booking
2023-05-27,601.99,Groceries,Snacks
2024-05-02,2442.4,Miscellaneous,Gift
2023-09-02,4249.39,Groceries,Vegetables
2025-02-18,4665.02,Healthcare,Medicines
2023-12-08,4580.84,Food,Dinner
2023-08-22,1951.93,Food,Cafe
2023-08-05,3502.34,Education,Tuition fee
2023-02-20,2261.77,Bills,Gas bill
2024-05-25,1728.05,Shopping,Accessories
2025-08-31,190.14,Shopping,Accessories
2024-02-13,179.5,Food,Restaurant
2023-11-12,2851.12,Entertainment,Gaming
2023-09-10,2446.27,Entertainment,Movie ticket
2024-12-12,962.74,Education,Tuition fee
2025-06-24,573.98,Food,Cafe
2025-07-04,3689.87,Entertainment,Concert
2025-08-14,816.13,Bills,Phone recharge
2023-11-29,3275.32,Shopping,Shoes
2023-04-05,1537.17,Bills,Electricity bill
2023-06-13,1969.78,Shopping,Accessories
2023-11-22,4343.23,Healthcare,Pharmacy
2025-08-05,1427.32,Entertainment,Movie ticket
2024-05-13,1162.17,Transport,Fuel
2024-10-25,744.77,Entertainment,Movie ticket
2024-03-28,270.43,Bills,Water bill
2025-07-27,3061.29,Healthcare,Hospital charges
2023-04-03,2994.87,Shopping,Electronics
2023-03-29,1145.88,Transport,Taxi
2023-02-03,439.22,Education,Books
2023-01-28,4361.16,Miscellaneous,Donation
2024-11-14,3296.2,Shopping,Shoes
2025-05-03,3110.58,Shopping,Electronics
2023-05-25,880.06,Education,Stationery
2023-05-28,1993.98,Food,Fast food
2023-03-01,3744.08,Education,Books
2024-05-02,3604.26,Miscellaneous,Gift
2024-09-13,600.11,Food,Fast food
2023-12-31,4750.68,Groceries,Dairy products
2025-07-02,980.3,Groceries,Fruits
2023-06-21,1929.22,Miscellaneous,Gift
2023-12-30,388.79,Transport,Train ticket
2025-01-11,3244.53,Bills,Electricity bill
2024-06-09,3305.53,Transport,Fuel
2024-01-17,2480.56,Miscellaneous,Donation
2025-04-10,2027.81,Miscellaneous,Repair
2023-07-19,1124.73,Groceries,Snacks
2025-05-24,1540.62,Bills,Phone recharge
2024-11-21,1285.17,Entertainment,Concert
2025-08-25,4513.21,Healthcare,Lab test
2023-07-11,3800.21,Miscellaneous,Other expenses
2025-03-04,3007.65,Miscellaneous,Pet care
2024-05-27,157.27,Bills,Electricity bill
2024-11-16,4124.33,Travel,Visa fee
2023-03-14,1172.32,Entertainment,Theatre
2024-06-19,4198.28,Education,Tuition fee
2023-05-21,3115.8,Groceries,Dairy products
2023-06-05,1420.73,Groceries,Fruits
2023-03-16,3323.82,Travel,Hotel stay
2023-02-01,2232.51,Groceries,Vegetables
2023-04-19,1763.74,Bills,Phone recharge
2024-12-10,1433.29,Bills,Internet bill
2023-04-15,89.48,Miscellaneous,Pet care
2023-10-29,2649.31,Food,Fast food
2024-11-04,2599.04,Food,Fast food
2025-05-31,1143.41,Groceries,Dairy products
2023-10-18,2955.01,Groceries,Beverages
2023-03-14,1149.67,Entertainment,Movie ticket
2023-03-12,3934.67,Entertainment,Theatre
2025-08-05,3831.95,Education,Books
2025-05-21,77.37,Education,Online course
2023-01-21,3608.35,Bills,Gas bill
2024-03-13,812.35,Education,Exam fee
2024-07-28,1262.64,Travel,Hotel stay
2024-12-21,2377.22,Shopping,Clothes
2024-10-17,99.51,Travel,Tour package
2025-08-06,4785.05,Healthcare,Hospital charges
2024-03-21,1351.28,Groceries,Vegetables
2025-01-05,2507.02,Miscellaneous,Gift
2023-04-05,2604.71,Shopping,Online shopping
2023-01-13,3446.19,Miscellaneous,Pet care
2025-02-15,1704.35,Shopping,Electronics
2025-03-29,2503.72,Travel,Flight ticket
2023-12-28,3327.94,Shopping,Shoes
2023-01-26,4450.51,Shopping,Online shopping
2023-01-08,3379.13,Food,Dinner
2023-07-23,3635.81,Shopping,Accessories
2023-07-06,4075.8,Education,Exam fee
2024-12-24,4330.7,Shopping,Electronics
2023-09-03,1417.03,Miscellaneous,Other expenses
2025-06-01,3684.33,Education,Online course
2023-05-20,1315.23,Travel,Visa fee
2024-11-12,3706.6,Shopping,Shoes
2023-12-27,896.15,Transport,Car rental
2025-05-20,2694.78,Travel,Hotel stay
2024-04-10,614.48,Food,Snacks
2024-02-14,2500.23,Groceries,Fruits
2025-05-25,3315.34,Travel,Tour package
2025-04-26,2265.87,Entertainment,Streaming subscription
2024-06-12,554.37,Healthcare,Hospital charges
2025-07-17,1398.98,Groceries,Snacks
2023-11-23,1805.6,Transport,Bus fare
2025-06-15,2758.04,Bills,Gas bill
2023-03-25,703.24,Miscellaneous,Gift
2025-01-16,633.28,Groceries,Fruits
2023-02-04,1828.49,Travel,Hotel stay
2025-06-14,4709.66,Healthcare,Doctor visit
2024-07-02,332.29,Food,Cafe
2023-07-17,633.8,Healthcare,Doctor visit
2024-05-22,4350.44,Food,Restaurant
2023-02-22,4769.06,Bills,Internet bill
2025-03-24,4417.2,Shopping,Shoes
2024-08-22,421.39,Education,Stationery
2023-06-23,2348.81,Miscellaneous,Pet care
2024-03-12,1506.09,Education,Online course
2024-01-31,3293.43,Groceries,Beverages
2023-05-27,4469.45,Shopping,Accessories
2024-11-23,2660.65,Entertainment,Movie ticket
2024-03-02,2350.75,Transport,Train ticket
2023-12-05,4107.34,Healthcare,Hospital charges
2023-12-14,3145.98,Travel,Cab booking
2023-10-26,307.1,Bills,Gas bill
2023-08-10,4760.66,Entertainment,Concert
2024-12-11,2105.22,Miscellaneous,Donation
2024-02-18,2932.3,Shopping,Online shopping
2024-06-08,4054.98,Bills,Water bill
2025-01-21,806.52,Miscellaneous,Repair
2025-08-12,1257.17,Education,Stationery
2025-05-28,508.36,Healthcare,Medicines
2023-10-23,1551.17,Groceries,Vegetables
2024-09-20,1525.34,Education,Books
2025-05-11,2718.41,Bills,Gas bill
2023-10-09,3845.71,Education,Online course
2024-08-12,1638.24,Entertainment,Gaming
2023-07-29,3093.29,Healthcare,Medicines
2025-03-25,1622.84,Bills,Phone recharge
2025-01-21,2417.22,Travel,Cab booking
2024-07-09,723.44,Bills,Internet bill
2025-01-09,2566.44,Entertainment,Movie ticket
2025-05-10,1031.13,Food,Snacks
2023-08-30,4168.62,Shopping,Accessories
2024-05-19,2729.0,Entertainment,Movie ticket
2023-06-18,4569.92,Travel,Flight ticket
2025-05-25,1399.56,Miscellaneous,Donation
2024-04-26,3796.36,Groceries,Vegetables
2024-03-02,4682.85,Travel,Hotel stay
2024-12-11,336.01,Food,Fast food
2024-04-12,791.25,Groceries,Vegetables
2024-12-09,4087.06,Transport,Car rental
2024-06-13,4687.83,Transport,Taxi
2023-01-30,1260.41,Food,Dinner
2023-11-18,4209.09,Healthcare,Lab test
2024-09-07,3130.82,Groceries,Vegetables
2024-01-04,4749.17,Education,Tuition fee
2025-03-17,4656.27,Travel,Cab booking
2025-07-08,871.52,Bills,Electricity bill
2024-04-06,3400.39,Groceries,Beverages
2023-08-26,4776.89,Entertainment,Theatre
2025-04-14,4506.03,Transport,Fuel
2023-03-05,3674.23,Food,Fast food
2024-02-15,3924.58,Transport,Fuel
2024-06-19,1855.9,Entertainment,Theatre
2023-03-04,4702.63,Food,Fast food
2025-01-29,2922.9,Miscellaneous,Pet care
2023-12-19,251.75,Entertainment,Gaming
2025-06-07,4147.37,Food,Restaurant
2025-04-15,3854.43,Education,Tuition fee
2023-09-11,2021.33,Education,Online course
2023-11-03,3849.99,Bills,Internet bill
2024-01-24,2586.28,Healthcare,Lab test
2024-12-27,3194.76,Shopping,Clothes
2023-12-19,3865.12,Entertainment,Gaming
2023-05-25,4214.37,Travel,Flight ticket
2024-02-17,3945.21,Food,Fast food
2024-10-26,2564.87,Groceries,Beverages
2023-01-01,689.06,Education,Exam fee
2025-06-12,1322.72,Education,Books
2023-07-18,2006.85,Transport,Taxi
2023-01-10,3141.36,Travel,Tour package
2025-02-14,4093.9,Transport,Taxi
2025-01-26,4282.5,Bills,Gas bill
2025-02-07,2379.33,Healthcare,Doctor visit
2023-09-16,1755.01,Shopping,Clothes
2024-12-19,2753.54,Shopping,Online shopping
2025-08-11,662.32,Healthcare,Doctor visit
2024-03-05,4737.45,Travel,Cab booking
2025-05-10,674.42,Groceries,Snacks
2023-05-16,2171.91,Entertainment,Concert
2023-07-17,153.19,Groceries,Vegetables
2023-08-05,4569.13,Entertainment,Theatre
2024-04-10,2073.03,Bills,Electricity bill
2024-09-16,3329.86,Miscellaneous,Gift
2024-12-06,1814.1,Healthcare,Medicines
2024-09-14,569.05,Bills,Internet bill
2023-11-21,546.14,Travel,Hotel stay
2024-10-22,1597.42,Shopping,Accessories
2024-12-25,3726.95,Transport,Train ticket
2025-07-27,3247.35,Education,Books
2023-01-17,1872.86,Miscellaneous,Other expenses
2024-12-04,1921.93,Healthcare,Medicines
2023-05-22,706.01,Shopping,Accessories
2025-05-28,3311.87,Entertainment,Streaming subscription
2023-10-14,4898.83,Entertainment,Concert
2023-02-03,3379.04,Travel,Visa fee
2023-10-19,222.57,Groceries,Vegetables
2025-08-18,4354.77,Travel,Hotel stay
2023-12-11,911.77,Travel,Hotel stay
2025-03-03,796.32,Entertainment,Concert
2024-08-30,3540.18,Groceries,Vegetables
2024-05-20,4757.41,Transport,Car rental
2024-12-12,1357.45,Entertainment,Movie ticket
2023-12-03,2974.96,Education,Tuition fee
2024-08-16,622.44,Miscellaneous,Donation
2023-05-09,3217.23,Shopping,Shoes
2024-06-16,4017.04,Bills,Electricity bill
2025-02-06,878.19,Food,Dinner
2023-08-05,1017.99,Healthcare,Lab test
2023-01-06,246.27,Food,Dinner
2023-05-19,279.56,Bills,Gas bill
2024-08-11,4543.25,Transport,Car rental
2025-02-07,2104.92,Transport,Taxi
2024-09-06,252.18,Bills,Electricity bill
2025-06-30,1811.18,Miscellaneous,Gift
2025-08-06,68.22,Travel,Hotel stay
2024-07-01,3785.84,Education,Online course
2024-10-11,4705.76,Transport,Car rental
2025-01-22,4006.31,Groceries,Snacks
2023-04-13,4570.44,Bills,Gas bill
2025-06-15,3951.42,Entertainment,Theatre
2023-10-14,4544.61,Miscellaneous,Donation
2024-05-22,781.72,Education,Stationery
2024-09-28,2443.52,Food,Dinner
2024-04-14,4976.51,Bills,Water bill
2024-04-06,1574.57,Transport,Bus fare
2025-05-10,184.15,Education,Tuition fee
2023-06-02,3607.36,Bills,Water bill
2023-05-28,1686.43,Shopping,Clothes
2023-03-19,3306.89,Entertainment,Concert
2025-02-11,3113.9,Miscellaneous,Pet care
2023-02-03,2142.25,Healthcare,Lab test
2025-07-26,485.21,Entertainment,Theatre
2025-04-28,4548.53,Food,Cafe
2025-08-12,4080.1,Miscellaneous,Other expenses
2024-01-17,1905.63,Transport,Taxi
2023-08-09,3881.4,Bills,Internet bill
2023-09-29,2721.35,Travel,Flight ticket
2024-09-24,1891.25,Healthcare,Lab test
2023-08-29,1739.79,Bills,Phone recharge
2024-10-15,1576.48,Entertainment,Theatre
2023-01-17,917.13,Entertainment,Theatre
2025-03-08,4678.89,Bills,Phone recharge
2024-12-09,1957.41,Food,Snacks
2023-03-02,576.22,Travel,Visa fee
2025-02-19,292.87,Food,Fast food
2025-06-26,2150.35,Bills,Electricity bill
2025-07-06,3567.44,Food,Dinner
2025-02-23,4093.44,Education,Books
2023-12-04,4753.37,Food,Cafe
2025-03-27,4316.09,Miscellaneous,Repair
2023-05-24,3691.31,Bills,Electricity bill
2023-08-19,231.54,Miscellaneous,Other expenses
2025-02-23,377.37,Healthcare,Hospital charges
2023-10-11,947.02,Travel,Cab booking
2024-11-27,830.69,Education,Stationery
2023-08-21,2801.19,Shopping,Online shopping
2024-05-01,3518.59,Travel,Flight ticket
2023-05-14,819.46,Miscellaneous,Pet care
2023-08-10,1817.72,Bills,Electricity bill
2024-06-22,3018.86,Education,Tuition fee
2025-04-16,2681.27,Healthcare,Medicines
2024-06-04,1367.12,Healthcare,Doctor visit
2024-01-15,4070.75,Transport,Fuel
2025-07-04,4324.17,Shopping,Clothes
2025-05-04,3917.78,Shopping,Electronics
2023-01-13,1731.85,Education,Books
2023-08-26,332.1,Groceries,Beverages
2024-11-11,2239.54,Travel,Tour package
2023-07-25,4564.35,Education,Tuition fee
2023-08-06,4537.19,Shopping,Electronics
2025-02-19,3299.96,Education,Exam fee
2024-06-17,4994.06,Food,Restaurant
2023-12-14,2786.41,Entertainment,Concert
2024-06-23,4709.99,Groceries,Beverages
2023-10-09,2128.63,Bills,Water bill
2025-08-08,4989.77,Shopping,Clothes
2025-08-24,4399.29,Shopping,Electronics
2024-12-14,4298.94,Transport,Train ticket
2024-10-19,3399.58,Shopping,Shoes
2023-03-27,2689.19,Travel,Flight ticket
2025-04-30,1316.83,Shopping,Online shopping
2023-11-11,1478.96,Travel,Visa fee
2024-04-26,1890.14,Miscellaneous,Gift
2023-11-25,1360.88,Bills,Phone recharge
2023-09-17,2036.67,Healthcare,Doctor visit
2024-12-31,3157.15,Miscellaneous,Donation
2023-05-30,4827.92,Food,Cafe
2024-05-25,3081.23,Travel,Cab booking
2025-02-12,3199.44,Bills,Internet bill
2025-03-15,1909.76,Education,Books
2024-04-21,525.13,Education,Stationery
2025-01-02,2911.35,Travel,Cab booking
2023-04-26,4967.45,Food,Snacks
2023-08-11,194.63,Bills,Internet bill
2023-03-22,4847.77,Shopping,Online shopping
2023-06-03,2498.83,Food,Cafe
2025-02-26,3117.01,Shopping,Shoes
2025-05-21,2692.8,Shopping,Accessories
2023-07-12,4336.37,Groceries,Snacks
2024-12-23,3020.5,Miscellaneous,Gift
2024-01-26,2536.44,Education,Books
2025-05-21,2345.88,Travel,Cab booking
2024-10-19,4652.6,Food,Fast food
2023-02-10,1048.45,Groceries,Beverages
2024-10-30,523.01,Miscellaneous,Donation
2024-03-08,3523.2,Shopping,Online shopping
2024-01-14,608.26,Education,Online course
2024-03-29,805.99,Education,Books
2025-08-19,4962.06,Entertainment,Movie ticket
2025-06-11,241.35,Education,Online course
2024-08-12,1890.33,Entertainment,Streaming subscription
2023-10-02,923.92,Healthcare,Doctor visit
2025-07-24,1018.15,Travel,Flight ticket
2023-03-17,4148.11,Entertainment,Streaming subscription
2024-06-27,3017.82,Miscellaneous,Donation
2024-12-10,4365.95,Education,Stationery
2024-11-13,1787.32,Groceries,Beverages
2023-05-11,333.69,Transport,Car rental
2024-12-13,2562.13,Groceries,Dairy products
2024-04-12,4064.74,Travel,Hotel stay
2024-05-05,1032.19,Bills,Water bill
2023-01-18,279.01,Travel,Hotel stay
2023-08-30,2832.31,Healthcare,Hospital charges
2023-01-21,3312.38,Healthcare,Lab test
2024-04-26,3406.6,Bills,Internet bill
2024-09-29,1708.78,Transport,Taxi
2024-12-04,2456.32,Education,Online course
2025-03-06,3188.96,Healthcare,Doctor visit
2023-10-10,1960.69,Healthcare,Doctor visit
2025-07-23,1733.09,Shopping,Online shopping
2023-05-24,2840.2,Education,Online course
2023-11-03,1849.64,Healthcare,Doctor visit
2024-02-10,878.21,Groceries,Beverages
2023-10-04,823.52,Shopping,Clothes
2025-06-18,630.65,Travel,Cab booking
2023-08-08,398.2,Bills,Phone recharge
2023-04-21,4335.75,Entertainment,Theatre
2024-11-28,1054.6,Miscellaneous,Gift
2024-10-01,3013.89,Groceries,Snacks
2025-02-12,4654.83,Food,Cafe
2023-12-21,3997.53,Miscellaneous,Other expenses
2024-06-26,3922.35,Healthcare,Lab test
2023-06-19,3642.87,Food,Snacks
2024-11-04,1394.4,Transport,Train ticket
2023-02-13,3017.15,Healthcare,Hospital charges
2025-03-06,3599.98,Groceries,Beverages
2024-11-24,4406.91,Miscellaneous,Repair
2024-07-11,2109.92,Healthcare,Hospital charges
2024-02-10,2009.95,Entertainment,Streaming subscription
2024-10-04,2133.67,Groceries,Snacks
2023-07-01,1066.3,Transport,Bus fare
2025-04-04,402.93,Bills,Water bill
2025-02-17,2959.73,Education,Books
2023-03-04,2637.0,Shopping,Online shopping
2024-01-28,2992.61,Miscellaneous,Repair
2024-08-27,3382.08,Shopping,Clothes
2024-05-06,3670.09,Transport,Car rental
2023-02-10,1586.05,Healthcare,Hospital charges
2024-05-12,4078.93,Healthcare,Pharmacy
2023-04-19,4189.51,Entertainment,Gaming
2023-06-01,1761.08,Education,Stationery
2024-01-19,1936.63,Travel,Hotel stay
2025-03-20,859.08,Miscellaneous,Other expenses
2023-04-23,756.94,Transport,Train ticket
2023-10-13,232.09,Healthcare,Medicines
2023-05-23,702.5,Education,Stationery
2023-02-25,2338.0,Transport,Train ticket
2024-02-08,2747.44,Education,Online course
2025-05-30,1755.1,Education,Exam fee
2025-07-30,2853.37,Groceries,Snacks
2023-01-30,3485.04,Entertainment,Concert
2025-01-14,484.63,Entertainment,Concert
2023-02-21,1684.25,Education,Books
2023-04-08,4630.25,Entertainment,Streaming subscription
2025-03-17,3518.35,Miscellaneous,Donation
2024-08-09,4430.81,Food,Restaurant
2024-07-11,4125.96,Transport,Fuel
2023-09-20,4220.28,Miscellaneous,Donation
2023-07-11,4383.73,Education,Tuition fee
2023-02-01,2574.54,Shopping,Online shopping
2023-11-12,4194.46,Education,Tuition fee
2024-11-18,1964.41,Shopping,Online shopping
2025-02-21,2776.41,Transport,Fuel
2024-12-24,3073.15,Healthcare,Doctor visit
2023-11-05,3893.66,Food,Fast food
2025-03-03,4267.36,Bills,Water bill
2025-05-10,3059.33,Education,Online course
2023-12-01,73.38,Shopping,Shoes
2025-03-21,1110.85,Travel,Tour package
2025-08-26,3619.21,Groceries,Beverages
2025-04-13,4042.15,Travel,Hotel stay
2024-12-13,4190.46,Education,Books
2023-05-19,803.21,Transport,Car rental
2023-11-16,4523.49,Healthcare,Medicines
2023-11-15,2522.62,Bills,Internet bill
2025-05-16,4853.87,Education,Online course
2025-06-10,173.02,Food,Dinner
2024-03-08,569.96,Healthcare,Lab test
2025-08-29,250.93,Transport,Bus fare
2023-12-07,4713.18,Bills,Phone recharge
2023-08-21,3696.87,Transport,Bus fare
2024-01-31,2270.87,Entertainment,Movie ticket
2024-10-25,2379.25,Transport,Train ticket
2025-04-25,4339.39,Groceries,Beverages
2025-01-17,891.91,Bills,Electricity bill
2023-06-08,4642.55,Groceries,Snacks
2024-09-24,345.45,Transport,Train ticket
2025-01-11,4456.92,Food,Cafe
2024-10-22,762.47,Education,Online course
2024-08-14,777.51,Travel,Hotel stay
2025-01-16,1271.07,Healthcare,Hospital charges
2023-08-10,188.67,Bills,Water bill
2023-07-10,1813.03,Entertainment,Gaming
2024-04-17,1948.17,Transport,Taxi
2024-08-01,4178.34,Miscellaneous,Pet care
2025-03-11,2839.1,Education,Tuition fee
2023-10-15,3635.04,Shopping,Clothes
2024-08-12,4946.85,Transport,Bus fare
2024-06-22,3939.16,Groceries,Beverages
2025-02-20,438.57,Travel,Flight ticket
2025-08-30,2149.67,Transport,Fuel
2025-01-20,3816.12,Shopping,Clothes
2024-12-25,637.27,Travel,Visa fee
2025-08-14,2670.22,Entertainment,Streaming subscription
2023-07-08,1026.64,Entertainment,Streaming subscription
2025-09-15,2166.0,Food,Prath's Birthday
